timestamp,tempExt,tempInt,battVolt
2025-03-03 20:28:19,4.27832031,21.89129638,3.2105143
2025-03-03 20:28:25,4.28663969,21.89270019,3.21314764
2025-03-03 20:28:31,4.37682771,21.89038085,3.21321392
2025-03-03 20:28:37,4.33244657,21.8864746,3.20954489
2025-03-03 20:28:42,4.32680082,21.88244628,3.21022295
2025-03-03 20:28:48,4.36014747,21.8764038,3.21038722
2025-03-03 20:28:54,4.37389755,21.89199829,3.21292257
2025-03-03 20:28:59,4.3560481,21.88934326,3.21023559
2025-03-03 20:29:05,4.35537624,21.89117431,3.21022844
2025-03-03 20:29:11,4.39702892,21.8920288,3.21073532
2025-03-03 20:29:17,4.40388441,21.89880371,3.21054935
2025-03-03 20:29:22,4.40857505,21.92343139,3.21027278
2025-03-03 20:29:28,4.41845417,21.91690063,3.21038699
2025-03-03 20:29:34,4.43112945,21.89212036,3.21134328
2025-03-03 20:29:39,4.3323388,21.92398071,3.21007204
2025-03-03 20:29:45,4.38842725,21.89251708,3.21068
2025-03-03 20:29:51,4.35846805,21.89785766,3.21127724
2025-03-03 20:29:57,4.374825,21.91442871,3.20939373
2025-03-03 20:30:02,4.3930912,21.89263916,3.21037054
2025-03-03 20:30:08,4.42227172,21.89038085,3.21036458
2025-03-03 20:30:14,4.45768833,21.89294433,3.21056389
2025-03-03 20:30:19,4.41145133,21.83255004,3.21044421
2025-03-03 20:30:25,4.42600822,21.82067871,3.21094346
2025-03-03 20:30:31,4.46342754,21.8154602,3.21051788
2025-03-03 20:30:37,4.45752668,21.79864501,3.21051955
2025-03-03 20:30:42,4.48661279,21.77798461,3.21060419
2025-03-03 20:30:48,4.48146533,21.77746582,3.21035575
2025-03-03 20:30:54,4.50958347,21.78414916,3.21035361
2025-03-03 20:31:00,4.46341419,21.78375244,3.21030044
2025-03-03 20:31:05,4.52204322,21.78311157,3.21053457
2025-03-03 20:31:11,4.48692226,21.78082275,3.21040153
2025-03-03 20:31:17,4.47506713,21.77474975,3.21056199
2025-03-03 20:31:22,4.52421998,21.77954101,3.21046066
2025-03-03 20:31:28,4.44590091,21.78707885,3.21055841
2025-03-03 20:31:34,4.47088718,21.79763793,3.21030569
2025-03-03 20:31:40,4.45541667,21.78756713,3.21054935
2025-03-03 20:31:45,4.48022842,21.77957153,3.21052145
2025-03-03 20:31:51,4.497406,21.7647705,3.21040368
2025-03-03 20:31:57,4.48868274,21.75234985,3.2103939
2025-03-03 20:32:02,4.49065876,21.74884033,3.21042943
2025-03-03 20:32:08,4.452003,21.7461853,3.21063971
2025-03-03 20:32:14,4.5136156,21.74890136,3.21036291
2025-03-03 20:32:20,4.49620962,21.74902343,3.21037769
2025-03-03 20:32:25,4.48118305,21.74923706,3.21044039
2025-03-03 20:32:31,4.53966426,21.75067138,3.21025419
2025-03-03 20:32:37,4.49081993,21.76193237,3.21043133
2025-03-03 20:32:42,4.51189517,21.77804565,3.21037936
2025-03-03 20:32:48,4.49248647,21.7612915,3.21048092
2025-03-03 20:32:54,4.49735212,21.7541809,3.21034812
2025-03-03 20:33:00,4.44669342,21.75415039,3.21035194
2025-03-03 20:33:05,4.49928808,21.75067138,3.21060657
2025-03-03 20:33:11,4.4841938,21.74215698,3.21038532
2025-03-03 20:33:17,4.44266128,21.7472229,3.21040749
2025-03-03 20:33:22,4.43653249,21.74996948,3.21021747
2025-03-03 20:33:28,4.45987939,21.75485229,3.21049237
2025-03-03 20:33:34,4.4520564,21.78161621,3.21040892
2025-03-03 20:33:40,4.43024206,21.79684448,3.21030235
2025-03-03 20:33:45,4.45305109,21.78598022,3.21026706
2025-03-03 20:33:51,4.43447589,21.78387451,3.21023225
2025-03-03 20:33:57,4.40396499,21.76315307,3.21023249
2025-03-03 20:34:02,4.4030776,21.75051879,3.2103188
2025-03-03 20:34:08,4.38908576,21.74996948,3.2103188
2025-03-03 20:34:14,4.41431474,21.75595092,3.2101767
2025-03-03 20:34:20,4.44864273,21.77194213,3.21031332
2025-03-03 20:34:25,4.44393825,21.78649902,3.21013998
2025-03-03 20:34:31,4.43469047,21.78598022,3.21011781
2025-03-03 20:34:37,4.42732524,21.78479003,3.21019005
2025-03-03 20:34:42,4.43909931,21.78436279,3.21030759
2025-03-03 20:34:48,4.4270296,21.78903198,3.21034812
2025-03-03 20:34:54,4.42485237,21.78833007,3.21005344
2025-03-03 20:35:00,4.3976612,21.78689575,3.2099781
2025-03-03 20:35:05,4.38899183,21.78048706,3.21030402
2025-03-03 20:35:11,4.36030912,21.78018188,3.21016955
2025-03-03 20:35:17,4.34333324,21.77581787,3.21001482
2025-03-03 20:35:22,4.35407304,21.77337646,3.21029472
2025-03-03 20:35:28,4.34732532,21.77374267,3.21004056
2025-03-03 20:35:34,4.35658597,21.77267456,3.21029472
2025-03-03 20:35:40,4.39397859,21.76779174,3.21016216
2025-03-03 20:35:45,4.39249992,21.76480102,3.21015644
2025-03-03 20:35:51,4.39807796,21.77001953,3.21033906
2025-03-03 20:35:57,4.42551136,21.76351928,3.21010136
2025-03-03 20:36:03,4.42032241,21.75610351,3.20993733
2025-03-03 20:36:08,4.42142438,21.76083374,3.21106314
2025-03-03 20:36:14,4.4251213,21.74954223,3.21032977
2025-03-03 20:36:20,4.41573953,21.7421875,3.21020078
2025-03-03 20:36:25,4.39333343,21.74969482,3.21007895
2025-03-03 20:36:31,4.38720417,21.78414916,3.21003532
2025-03-03 20:36:37,4.37696218,21.772583,3.20981216
2025-03-03 20:36:43,4.36759424,21.77526855,3.20950579
2025-03-03 20:36:48,4.35061836,21.78329467,3.20938277
2025-03-03 20:36:54,4.3643279,21.80566406,3.20935106
2025-03-03 20:37:00,4.33104848,21.78662109,3.20917081
2025-03-03 20:37:05,4.32653188,21.78338623,3.20921111
2025-03-03 20:37:11,4.34633064,21.79763793,3.20908021
2025-03-03 20:37:17,4.37482547,21.81274414,3.20898461
2025-03-03 20:37:23,4.38627672,21.78909301,3.20913553
2025-03-03 20:37:28,4.35884428,21.77127075,3.20911145
2025-03-03 20:37:34,4.36536264,21.75180053,3.20906352
2025-03-03 20:37:40,4.33926057,21.74322509,3.20920372
2025-03-03 20:37:45,4.34616947,21.73013305,3.20903062
2025-03-03 20:37:51,4.3358736,21.73468017,3.20920562
2025-03-03 20:37:57,4.339046,21.71835327,3.20912837
2025-03-03 20:38:03,4.2999196,21.71588134,3.20911169
2025-03-03 20:38:08,4.27736568,21.71005249,3.2090969
2025-03-03 20:38:14,4.32462406,21.71551513,3.20915579
2025-03-03 20:38:20,4.30895185,21.71649169,3.20908927
2025-03-03 20:38:25,4.31263446,21.73678588,3.20900845
2025-03-03 20:38:31,4.3275671,21.74826049,3.20903968
2025-03-03 20:38:37,4.31167984,21.7496643,3.20905256
2025-03-03 20:38:43,4.3209815,21.75265502,3.20899534
2025-03-03 20:38:48,4.2899599,21.75137329,3.20914149
2025-03-03 20:38:54,4.29908657,21.74819946,3.20896625
2025-03-03 20:39:00,4.3016529,21.73135375,3.20904159
2025-03-03 20:39:05,4.29424762,21.73181152,3.20912647
2025-03-03 20:39:11,4.2946105,21.74441528,3.20913004
2025-03-03 20:39:17,4.29381752,21.74591064,3.20907115
2025-03-03 20:39:23,4.30592727,21.75323486,3.20915579
2025-03-03 20:39:28,4.32205629,21.7517395,3.20918011
2025-03-03 20:39:34,4.31467771,21.75137329,3.20928311
2025-03-03 20:39:40,4.30866909,21.75292968,3.20910811
2025-03-03 20:39:45,4.31604862,21.74649047,3.20912456
2025-03-03 20:39:51,4.31279563,21.7401123,3.20914125
2025-03-03 20:39:57,4.29510784,21.74005126,3.20911335
2025-03-03 20:40:03,4.30666685,21.72589111,3.20922422
2025-03-03 20:40:08,4.32645177,21.72290039,3.20907855
2025-03-03 20:40:14,4.34434175,21.72625732,3.20901942
2025-03-03 20:40:20,4.32495975,21.74517822,3.20903444
2025-03-03 20:40:25,4.30560493,21.7486267,3.20912837
2025-03-03 20:40:31,4.33083343,21.74502563,3.20908594
2025-03-03 20:40:37,4.34819889,21.7507019,3.20907664
2025-03-03 20:40:43,4.32129049,21.74859619,3.20913195
2025-03-03 20:40:48,4.29088735,21.73965454,3.20915007
2025-03-03 20:40:54,4.32002687,21.74459838,3.20909309
2025-03-03 20:41:00,4.30135774,21.74673461,3.20907092
2025-03-03 20:41:06,4.30692195,21.73767089,3.20915937
2025-03-03 20:41:11,4.31805086,21.74664306,3.2091062
2025-03-03 20:41:17,4.29327917,21.74877929,3.20908045
2025-03-03 20:41:23,4.32115554,21.7472229,3.20911169
2025-03-03 20:41:28,4.29741954,21.74880981,3.20910978
2025-03-03 20:41:34,4.29413986,21.75198364,3.20909118
2025-03-03 20:41:40,4.26451587,21.76437377,3.20913004
2025-03-03 20:41:46,4.26588726,21.77655029,3.20909857
2025-03-03 20:41:51,4.24701642,21.78012084,3.2089293
2025-03-03 20:41:57,4.24853467,21.78201293,3.20904541
2025-03-03 20:42:03,4.23314476,21.75610351,3.20894193
2025-03-03 20:42:08,4.20754051,21.75027465,3.20906186
2025-03-03 20:42:14,4.22514772,21.74536132,3.20913004
2025-03-03 20:42:20,4.19451618,21.73040771,3.20916891
2025-03-03 20:42:26,4.17767524,21.72335815,3.20899748
2025-03-03 20:42:31,4.15275526,21.71902465,3.20911741
2025-03-03 20:42:37,4.1534276,21.71087646,3.20915389
2025-03-03 20:42:43,4.13571214,21.71343994,3.20890164
2025-03-03 20:42:48,4.17149209,21.71347045,3.20892
2025-03-03 20:42:54,4.19698953,21.70968627,3.20895886
2025-03-03 20:43:00,4.21413993,21.70690917,3.20905447
2025-03-03 20:43:06,4.23092746,21.70220947,3.20894789
2025-03-03 20:43:11,4.27606201,21.69561767,3.20897722
2025-03-03 20:43:17,4.28208351,21.68515014,3.20899915
2025-03-03 20:43:23,4.28728532,21.6805725,3.20878219
2025-03-03 20:43:28,4.28909969,21.6826477,3.20906567
2025-03-03 20:43:34,4.30145168,21.69012451,3.20904707
2025-03-03 20:43:40,4.29373693,21.70745849,3.20898604
2025-03-03 20:43:46,4.28963708,21.70919799,3.20903086
2025-03-03 20:43:51,4.29282283,21.70999145,3.20907497
2025-03-03 20:43:57,4.27294349,21.70767211,3.20896816
2025-03-03 20:44:03,4.24928808,21.71621704,3.20886468
2025-03-03 20:44:08,4.29417991,21.71929931,3.20903635
2025-03-03 20:44:14,4.23393821,21.71325683,3.20901203
2025-03-03 20:44:20,4.20956993,21.71697998,3.20913004
2025-03-03 20:44:26,4.22229862,21.72451782,3.20910596
2025-03-03 20:44:31,4.22111558,21.71786499,3.20905804
2025-03-03 20:44:37,4.21053743,21.7145996,3.20913362
2025-03-03 20:44:43,4.20095443,21.70745849,3.2090528
2025-03-03 20:49:12,4.19922065,21.63348388,3.21603178
2025-03-03 20:49:18,4.12396478,21.62829589,3.21640396
2025-03-03 20:49:23,4.28540325,21.62548828,3.21576976
2025-03-03 20:49:29,4.26803731,21.6373291,3.21355128
2025-03-03 20:49:35,4.19080638,21.65875244,3.21620678
2025-03-03 20:49:40,4.18690872,21.61746215,3.21619391
2025-03-03 20:49:46,4.13783597,21.63107299,3.21615529
2025-03-03 20:49:52,4.1476078,21.61703491,3.21410942
2025-03-03 20:49:58,4.12919378,21.65014648,3.21649074
2025-03-03 20:50:03,4.17835998,21.66500854,3.21593976
2025-03-03 20:50:09,4.1617608,21.70013427,3.21591019
2025-03-03 20:50:15,4.17442226,21.74685668,3.216192
2025-03-03 20:50:20,4.20471715,21.75039672,3.21601891
2025-03-03 20:50:26,4.170928,21.73983764,3.21584749
2025-03-03 20:50:32,4.19736528,21.70971679,3.21576619
2025-03-03 20:50:38,4.19861555,21.69589233,3.21610903
2025-03-03 20:50:43,4.20623683,21.68743896,3.21584939
2025-03-03 20:50:49,4.20709705,21.69363403,3.21575188
2025-03-03 20:50:55,4.21084737,21.69485473,3.2159214
2025-03-03 20:51:00,4.20705652,21.71414184,3.21584177
2025-03-03 20:51:06,4.23569917,21.74597167,3.21486711
2025-03-03 20:51:12,4.18967771,21.76013183,3.21480989
2025-03-03 20:51:18,4.18668031,21.75607299,3.21565008
2025-03-03 20:51:23,4.18806457,21.74993896,3.21596717
2025-03-03 20:51:29,4.20981216,21.78103637,3.21580862
2025-03-03 20:51:35,4.20072603,21.76306152,3.21573495
2025-03-03 20:51:40,4.16310501,21.7255249,3.21565985
2025-03-03 20:51:46,4.18399143,21.67105102,3.2161405
2025-03-03 20:51:52,4.17611503,21.65576171,3.21592473
2025-03-03 20:51:58,4.18111515,21.67855834,3.21589159
2025-03-03 20:52:03,4.18025541,21.66897583,3.21569085
2025-03-03 20:52:09,4.19572591,21.69927978,3.2160151
2025-03-03 20:52:15,4.20506763,21.77392578,3.2156043
2025-03-03 20:52:20,4.21189498,21.8197937,3.21579408
2025-03-03 20:52:26,4.22135782,21.85458374,3.21554517
2025-03-03 20:52:32,4.22578001,21.85247802,3.2158401
2025-03-03 20:52:38,4.18881797,22.01193237,3.21578454
2025-03-03 20:52:43,4.18533611,21.97616577,3.21560621
2025-03-03 20:52:49,4.17006731,21.8711853,3.2160151
2025-03-03 20:52:55,4.1515727,21.80966186,3.21532416
2025-03-03 20:53:00,4.15997314,21.76516723,3.2154622
2025-03-03 20:53:06,4.17329311,21.76904296,3.21568369
2025-03-03 20:53:12,4.15532255,21.78381347,3.21587324
2025-03-03 20:53:18,4.13717746,21.78564453,3.21558189
2025-03-03 20:53:23,4.14267492,21.7864685,3.21571683
2025-03-03 20:53:29,4.1223793,21.79190063,3.21573328
2025-03-03 20:53:35,4.1274867,21.78701782,3.21581459
2025-03-03 20:53:41,4.17270135,21.74850463,3.21585845
2025-03-03 20:53:46,4.16221761,21.70062255,3.21547341
2025-03-03 20:53:52,4.17505407,21.68731689,3.21596002
2025-03-03 20:53:58,4.14249992,21.70932006,3.21568894
2025-03-03 20:54:03,4.13415336,21.7373352,3.21554541
2025-03-03 20:54:09,4.12642431,21.74813842,3.21545672
2025-03-03 20:54:15,4.14288997,21.74642944,3.21547889
2025-03-03 20:54:21,4.13681459,21.74945068,3.21595072
2025-03-03 20:54:26,4.09591436,21.76934814,3.215842
2025-03-03 20:54:32,4.12092733,21.78512573,3.21581268
2025-03-03 20:54:38,4.08639812,21.78463745,3.21588802
2025-03-03 20:54:43,4.10493278,21.79177856,3.21582341
2025-03-03 20:54:49,4.08826637,21.775177,3.21581459
2025-03-03 20:54:55,4.06016111,21.75057983,3.21545648
2025-03-03 20:55:01,4.07169389,21.72619628,3.21586966
2025-03-03 20:55:06,4.04869604,21.71328735,3.2158606
2025-03-03 20:55:12,4.02435493,21.70642089,3.21540164
2025-03-03 20:55:18,4.05470418,21.70611572,3.21583294
2025-03-03 20:55:23,4.12900543,21.70562744,3.2154479
2025-03-03 20:55:29,4.09547042,21.70092773,3.21528863
2025-03-03 20:55:35,4.09962368,21.70788574,3.21534252
2025-03-03 20:55:41,4.12711,21.71038818,3.21588635
2025-03-03 20:55:46,4.12361526,21.71148681,3.215595
2025-03-03 20:55:52,4.11100816,21.71487426,3.21537375
2025-03-03 20:55:58,4.10759401,21.71850585,3.21580147
2025-03-03 20:56:03,4.12404632,21.70761108,3.21528553
2025-03-03 20:56:09,4.09612894,21.68969726,3.21579408
2025-03-03 20:56:15,4.14129066,21.68289184,3.21608686
2025-03-03 20:56:21,4.12762069,21.68865966,3.21541452
2025-03-03 20:56:26,4.10536289,21.71121215,3.21572017
2025-03-03 20:56:32,4.08423376,21.70352172,3.21590089
2025-03-03 20:56:38,4.07638454,21.69769287,3.21531677
2025-03-03 20:56:43,4.0817337,21.69055175,3.21563744
2025-03-03 20:56:49,4.08294343,21.6866455,3.21545648
2025-03-03 20:56:55,4.08861541,21.6942749,3.21595239
2025-03-03 20:57:01,4.07014799,21.70220947,3.215842
2025-03-03 20:57:06,4.11080646,21.68811035,3.21585869
2025-03-03 20:57:12,4.07048416,21.67788696,3.21550107
2025-03-03 20:57:18,4.06443548,21.67300415,3.21554875
2025-03-03 20:57:23,4.07939529,21.66903686,3.21550798
2025-03-03 20:57:29,4.04571247,21.65386962,3.21571302
2025-03-03 20:57:35,4.05204296,21.6513977,3.21581077
2025-03-03 20:57:41,4.04245996,21.65780639,3.21590852
2025-03-03 20:57:46,4.06447601,21.64614868,3.2158606
2025-03-03 20:57:52,4.03731155,21.64447021,3.21589708
2025-03-03 20:57:58,4.05135726,21.64208984,3.21555256
2025-03-03 20:58:03,4.0615859,21.6534729,3.21567392
2025-03-03 20:58:09,4.08380413,21.66482543,3.21570563
2025-03-03 20:58:15,4.0894761,21.68231201,3.21560764
2025-03-03 20:58:21,4.1043148,21.68066406,3.2155416
2025-03-03 20:58:26,4.14583349,21.67959594,3.21580505
2025-03-03 20:58:32,4.12581968,21.6786499,3.21567416
2025-03-03 20:58:38,4.14814519,21.67874145,3.21567225
2025-03-03 20:58:44,4.17411279,21.68157958,3.21535897
2025-03-03 20:58:49,4.19483852,21.68615722,3.21531677
2025-03-03 20:58:55,4.16423368,21.68331909,3.21552848
2025-03-03 20:59:01,4.16810512,21.67877197,3.2154901
2025-03-03 20:59:06,4.1256318,21.67669677,3.2157278
2025-03-03 20:59:12,4.1728363,21.67611694,3.21537399
2025-03-03 20:59:18,4.14450263,21.67416381,3.21571874
2025-03-03 20:59:24,4.14619684,21.66333007,3.2154529
2025-03-03 20:59:29,4.12028264,21.65023803,3.21526312
2025-03-03 20:59:35,4.10521459,21.6493225,3.2155857
2025-03-03 20:59:41,4.11696243,21.6451416,3.21563935
2025-03-03 20:59:46,4.12209701,21.64221191,3.21553039
2025-03-03 20:59:52,4.13688182,21.64065551,3.21522092
2025-03-03 20:59:58,4.11408615,21.64468383,3.21536278
2025-03-03 21:00:04,4.11563158,21.65246582,3.21557641
2025-03-03 21:00:09,4.10165357,21.65560913,3.21560621
2025-03-03 21:00:15,4.09659957,21.66009521,3.21554517
2025-03-03 21:00:21,4.11049747,21.67108154,3.21520209
2025-03-03 21:00:26,4.11943578,21.68115234,3.21532392
2025-03-03 21:00:32,4.10663986,21.69067382,3.21545839
2025-03-03 21:00:38,4.13625001,21.68817138,3.2154107
2025-03-03 21:00:44,4.12844085,21.6821289,3.21566867
2025-03-03 21:00:49,4.12014818,21.68020629,3.21537923
2025-03-03 21:00:55,4.12536287,21.67678833,3.21546196
2025-03-03 21:01:01,4.11960983,21.66970825,3.21542382
2025-03-03 21:01:06,4.11221742,21.67803955,3.21526694
2025-03-03 21:01:12,4.12717771,21.69824218,3.21535348
2025-03-03 21:01:18,4.20049715,21.71139526,3.21543478
2025-03-03 21:01:24,4.14962387,21.71313476,3.21530389
2025-03-03 21:01:29,4.17165327,21.71270751,3.21546602
2025-03-03 21:01:35,4.14021492,21.70959472,3.21530747
2025-03-03 21:01:41,4.17000007,21.70724487,3.21546769
2025-03-03 21:01:46,4.14103507,21.69357299,3.21569824
2025-03-03 21:01:52,4.10998678,21.68905639,3.21605753
2025-03-03 21:01:58,4.06177425,21.69967651,3.21559286
2025-03-03 21:02:04,4.10694885,21.65124511,3.21553039
2025-03-03 21:02:09,4.12451648,21.66629028,3.21535897
2025-03-03 21:02:15,4.10661268,21.6793518,3.2152872
2025-03-03 21:02:21,4.14586019,21.70239257,3.21535587
2025-03-03 21:02:26,4.14595413,21.70611572,3.21523952
2025-03-03 21:02:32,4.15861511,21.72592163,3.21525025
2025-03-03 21:02:38,4.13502693,21.68402099,3.21516013
2025-03-03 21:02:44,4.12978506,21.6783142,3.2152152
2025-03-03 21:02:49,4.14815855,21.68240356,3.21501636
2025-03-03 21:02:55,4.13913965,21.70315551,3.21481919
2025-03-03 21:03:01,4.12599515,21.72375488,3.21516013
2025-03-03 21:03:06,4.15463733,21.72467041,3.21514534
2025-03-03 21:03:12,4.18005371,21.71478271,3.21500897
2025-03-03 21:03:18,4.21282291,21.71334838,3.21500897
2025-03-03 21:03:24,4.20028209,21.71414184,3.21473455
2025-03-03 21:03:29,4.16619634,21.71752929,3.21482849
2025-03-03 21:03:35,4.17231225,21.71130371,3.2148137
2025-03-03 21:03:41,4.19525527,21.6965332,3.21558213
2025-03-03 21:03:47,4.18443584,21.67926025,3.21562814
2025-03-03 21:03:52,4.15623617,21.71951293,3.21403217
2025-03-03 21:03:58,4.07331991,21.74069213,3.21480464
2025-03-03 21:04:04,4.09412622,21.74298095,3.21536445
2025-03-03 21:04:09,4.1043682,21.74993896,3.21571135
2025-03-03 21:04:15,4.06215095,21.74972534,3.21554327
2025-03-03 21:04:21,4.04959678,21.6965332,3.21556901
2025-03-03 21:04:27,4.07166719,21.67932128,3.2151215
2025-03-03 21:04:32,4.00286293,21.65222167,3.21538114
2025-03-03 21:04:38,3.98896522,21.62826538,3.21563744
2025-03-03 21:04:44,3.96852159,21.62069702,3.21491312
2025-03-03 21:04:49,3.99732589,21.60397338,3.21533513
2025-03-03 21:04:55,3.92602157,21.59524536,3.21541619
2025-03-03 21:05:01,3.91978502,21.5883789,3.21539068
2025-03-03 21:05:07,3.89858894,21.58706665,3.2151618
2025-03-03 21:05:12,3.93620948,21.60757446,3.21512722
2025-03-03 21:05:18,3.93564558,21.60617065,3.21558022
2025-03-03 21:05:24,3.93169384,21.60025024,3.21528363
2025-03-03 21:05:29,4.00837373,21.6072998,3.21550679
2025-03-03 21:05:35,3.9926753,21.6112976,3.2155044
2025-03-03 21:05:41,4.0209546,21.63671875,3.21511936
2025-03-03 21:05:47,4.00301074,21.67056274,3.21497035
2025-03-03 21:05:53,4.06536293,21.68029785,3.21560049
2025-03-03 21:05:58,4.0932393,21.67825317,3.21523022
2025-03-03 21:06:04,4.11862897,21.6770935,3.21529436
2025-03-03 21:06:10,4.09444904,21.67700195,3.21523213
2025-03-03 21:06:15,4.08244609,21.6720581,3.21550297
2025-03-03 21:06:21,4.14209651,21.67346191,3.21577191
2025-03-03 21:06:27,4.12294387,21.65075683,3.21516013
2025-03-03 21:06:33,4.06919384,21.66159057,3.21550488
2025-03-03 21:06:38,4.10190868,21.67007446,3.21501445
2025-03-03 21:06:44,4.02650594,21.67016601,3.21548628
2025-03-03 21:06:50,4.07025575,21.67428588,3.21520972
2025-03-03 21:06:55,4.07987928,21.67767333,3.21497225
2025-03-03 21:07:01,4.05650568,21.67611694,3.21496844
2025-03-03 21:07:07,4.05051136,21.67825317,3.21540689
2025-03-03 21:07:13,4.04819917,21.67700195,3.21547889
2025-03-03 21:07:18,4.03012132,21.675354,3.21538877
2025-03-03 21:07:24,4.03954315,21.68774414,3.21519494
2025-03-03 21:07:30,4.05434131,21.68478393,3.21482682
2025-03-03 21:07:36,4.02498674,21.68771362,3.21508598
2025-03-03 21:07:41,4.01704311,21.68164062,3.21507358
2025-03-03 21:07:47,4.05853557,21.68920898,3.21477651
2025-03-03 21:07:53,4.03572559,21.7010498,3.21509552
2025-03-03 21:07:58,4.05223131,21.70025634,3.21487975
2025-03-03 21:08:04,4.05174732,21.71463012,3.21518969
2025-03-03 21:08:10,4.05110216,21.74804687,3.2144339
2025-03-03 21:08:16,4.03235244,21.76730346,3.21518397
2025-03-03 21:08:21,4.02090072,21.76803588,3.21501994
2025-03-03 21:08:27,4.01833343,21.76177978,3.21500158
2025-03-03 21:08:33,3.97154569,21.76907348,3.21505141
2025-03-03 21:08:38,3.97041654,21.76599121,3.21456837
2025-03-03 21:08:44,3.92434139,21.7507019,3.21433997
2025-03-03 21:08:50,3.94928741,21.75692749,3.21449112
2025-03-03 21:08:56,3.89792995,21.76550292,3.21464586
2025-03-03 21:09:01,3.90002679,21.75305175,3.21526122
2025-03-03 21:09:07,3.90247325,21.74291992,3.21494817
2025-03-03 21:09:13,3.88418025,21.74612426,3.21463131
2025-03-03 21:09:18,3.87186861,21.74893188,3.21424055
2025-03-03 21:09:24,3.85348129,21.72302246,3.21431612
2025-03-03 21:09:30,3.89081974,21.71105957,3.21516919
2025-03-03 21:09:36,3.9167881,21.71224975,3.21490001
2025-03-03 21:09:41,3.95167999,21.71960449,3.21423864
2025-03-03 21:09:47,3.95821266,21.70861816,3.21432876
2025-03-03 21:09:53,3.95334701,21.70437622,3.2146275
2025-03-03 21:09:59,3.93205661,21.70141601,3.21527624
2025-03-03 21:10:04,3.97798366,21.68829345,3.21501111
2025-03-03 21:10:10,3.95951652,21.68743896,3.215173
2025-03-03 21:10:16,3.99239253,21.67977905,3.2145853
2025-03-03 21:10:21,4.0090723,21.67633056,3.21490955
2025-03-03 21:10:27,3.94936847,21.67251586,3.21499204
2025-03-03 21:10:33,4.02610206,21.66088867,3.21471023
2025-03-03 21:10:39,4.03284931,21.66122436,3.21406555
2025-03-03 21:10:44,4.08853483,21.67114257,3.21501636
2025-03-03 21:10:50,4.12174701,21.68560791,3.21440982
2025-03-03 21:10:56,4.08623647,21.69985961,3.21457195
2025-03-03 21:11:01,4.08108854,21.71179199,3.21429777
2025-03-03 21:11:07,4.12002658,21.71249389,3.21507358
2025-03-03 21:11:13,4.10793018,21.70904541,3.21500325
2025-03-03 21:11:19,4.11403226,21.7017517,3.21506977
2025-03-03 21:11:24,4.14431476,21.69262695,3.21490216
2025-03-03 21:11:30,4.14733839,21.68939208,3.21444702
2025-03-03 21:11:36,4.14670705,21.6861267,3.21428847
2025-03-03 21:11:41,4.14551067,21.68203735,3.21463489
2025-03-03 21:11:47,4.13380384,21.68188476,3.21509218
2025-03-03 21:11:53,4.1142745,21.6776123,3.21431422
2025-03-03 21:11:59,4.09650564,21.67575073,3.21513962
2025-03-03 21:12:04,4.07176113,21.66818237,3.21435666
2025-03-03 21:12:10,4.05674743,21.67077636,3.21455764
2025-03-03 21:12:16,4.11983871,21.67504882,3.21460342
2025-03-03 21:12:21,4.06354856,21.6732788,3.21492409
2025-03-03 21:12:27,4.06219053,21.67565917,3.21450424
2025-03-03 21:12:33,4.04448938,21.67977905,3.21418881
2025-03-03 21:12:38,4.02379035,21.68310546,3.21496295
2025-03-03 21:12:44,4.00584697,21.6607666,3.21479153
2025-03-03 21:12:50,3.96817207,21.62353515,3.21441531
2025-03-03 21:12:56,3.98306465,21.61242675,3.2144227
2025-03-03 21:13:01,3.97548389,21.6336975,3.21490406
2025-03-03 21:13:07,3.96067237,21.65338134,3.21452617
2025-03-03 21:13:13,3.93990612,21.6758728,3.21429777
2025-03-03 21:13:18,3.91172046,21.67611694,3.21421098
2025-03-03 21:13:24,3.9073122,21.6755371,3.21428632
2025-03-03 21:13:30,3.94474487,21.66595458,3.21470856
2025-03-03 21:13:36,3.90540313,21.6524353,3.21488165
2025-03-03 21:13:41,3.90516138,21.64465332,3.21480822
2025-03-03 21:13:47,3.91733856,21.64474487,3.21455216
2025-03-03 21:13:53,3.90017433,21.64813232,3.2147293
2025-03-03 21:13:58,3.89548397,21.65084838,3.21460175
2025-03-03 21:14:04,3.85834693,21.65124511,3.21490931
2025-03-03 21:14:10,3.88744659,21.63778686,3.21441531
2025-03-03 21:14:16,3.8541131,21.62994384,3.21483373
2025-03-03 21:14:21,3.84505348,21.62960815,3.21473622
2025-03-03 21:14:27,3.80866928,21.63165283,3.21446895
2025-03-03 21:14:33,3.81428794,21.62759399,3.21433639
2025-03-03 21:14:39,3.79412627,21.63796997,3.21405625
2025-03-03 21:14:44,3.74772834,21.65838623,3.21441364
2025-03-03 21:14:50,3.77963709,21.67797851,3.21467185
2025-03-03 21:14:56,3.82516098,21.67697143,3.21457982
2025-03-03 21:15:01,3.78840088,21.66732788,3.21430468
2025-03-03 21:15:07,3.77490592,21.67144775,3.21470308
2025-03-03 21:15:13,3.75858831,21.67446899,3.2145996
2025-03-03 21:15:19,3.75135755,21.67428588,3.21422195
2025-03-03 21:15:24,3.73233842,21.67736816,3.21441936
2025-03-03 21:15:30,3.76358938,21.67669677,3.21431398
2025-03-03 21:15:36,3.75200295,21.67788696,3.21468114
2025-03-03 21:15:41,3.69747328,21.66415405,3.21422767
2025-03-03 21:15:47,3.72544384,21.65115356,3.21431589
2025-03-03 21:15:53,3.64914011,21.64285278,3.21452045
2025-03-03 21:15:59,3.69495964,21.63479614,3.21446323
2025-03-03 21:16:04,3.75181436,21.63467407,3.21467375
2025-03-03 21:16:10,3.78420734,21.63168334,3.21484851
2025-03-03 21:16:16,3.81572628,21.63555908,3.21419453
2025-03-03 21:16:21,3.82341403,21.64260864,3.21453332
2025-03-03 21:16:27,3.8205244,21.63809204,3.21466088
2025-03-03 21:16:33,3.83069896,21.63235473,3.21454644
2025-03-03 21:16:39,3.83997297,21.62615966,3.21459054
2025-03-03 21:16:44,3.86108875,21.62915039,3.21431398
2025-03-03 21:16:50,3.86565856,21.63040161,3.21403384
2025-03-03 21:16:56,3.8603897,21.64376831,3.21414089
2025-03-03 21:17:01,3.87918043,21.6506958,3.21418523
2025-03-03 21:17:07,3.88555068,21.64617919,3.21454477
2025-03-03 21:17:13,3.91372299,21.63275146,3.21425318
2025-03-03 21:17:19,3.88733863,21.63092041,3.21435093
2025-03-03 21:17:24,3.94041652,21.61318969,3.21444869
2025-03-03 21:17:30,3.91106204,21.61010742,3.21438956
2025-03-03 21:17:36,3.97495956,21.60864257,3.21435117
2025-03-03 21:17:41,3.95135765,21.60848999,3.21443581
2025-03-03 21:17:47,3.9932661,21.60818481,3.21423673
2025-03-03 21:17:53,3.97391128,21.61105346,3.21407103
2025-03-03 21:17:59,3.9835617,21.62319946,3.2141354
2025-03-03 21:18:04,4.02072572,21.63418579,3.21402692
2025-03-03 21:18:10,3.93779544,21.62130737,3.21440291
2025-03-03 21:18:16,3.92935485,21.6194458,3.21443772
2025-03-03 21:18:21,3.92372322,21.62173461,3.21401762
2025-03-03 21:18:27,3.91052436,21.63528442,3.21390318
2025-03-03 21:18:33,3.87498664,21.61709594,3.21420717
2025-03-03 21:18:39,3.88580627,21.61752319,3.21396589
2025-03-03 21:18:44,3.87954311,21.62728881,3.21391057
2025-03-03 21:18:50,3.84502696,21.63400268,3.21429395
2025-03-03 21:18:56,3.8061697,21.63140869,3.21382403
2025-03-03 21:19:01,3.83032274,21.63824462,3.21424603
2025-03-03 21:19:07,3.79978537,21.64431762,3.21434187
2025-03-03 21:19:13,3.77580666,21.65466308,3.21433091
2025-03-03 21:19:19,3.76966381,21.66030883,3.21398234
2025-03-03 21:19:24,3.77123641,21.65518188,3.21393275
2025-03-03 21:19:30,3.75246,21.6576538,3.21409654
2025-03-03 21:19:36,3.71807765,21.65512084,3.21397328
2025-03-03 21:19:41,3.71747303,21.64334106,3.21440601
2025-03-03 21:19:47,3.71424698,21.64178466,3.21440482
2025-03-03 21:19:53,3.6923387,21.63772583,3.21455168
2025-03-03 21:19:59,3.73904561,21.63275146,3.21448206
2025-03-03 21:20:04,3.72073912,21.62979125,3.21382951
2025-03-03 21:20:10,3.73696231,21.63278198,3.21374106
2025-03-03 21:20:16,3.7129569,21.63317871,3.21381473
2025-03-03 21:20:22,3.72802472,21.62036132,3.21422767
2025-03-03 21:20:27,3.79077982,21.62030029,3.21388483
2025-03-03 21:20:33,3.79870986,21.61267089,3.21391248
2025-03-03 21:20:39,3.85399198,21.61056518,3.21421647
2025-03-03 21:20:44,3.87315864,21.61907958,3.21366024
2025-03-03 21:20:50,3.84942226,21.63180541,3.21391606
2025-03-03 21:20:56,3.85873699,21.6173706,3.21403217
2025-03-03 21:21:02,3.86724472,21.61132812,3.21408939
2025-03-03 21:21:07,3.83803768,21.61697387,3.21370244
2025-03-03 21:21:13,3.84466381,21.61193847,3.21404147
2025-03-03 21:21:19,3.86649227,21.60848999,3.21399521
2025-03-03 21:21:24,3.84622335,21.60818481,3.21364521
2025-03-03 21:21:30,3.85302429,21.60839843,3.21377062
2025-03-03 21:21:36,3.7770164,21.61102294,3.21360659
2025-03-03 21:21:42,3.76256752,21.61425781,3.21405434
2025-03-03 21:21:47,3.7800002,21.62701416,3.21375751
2025-03-03 21:21:53,3.70856189,21.62738037,3.21395301
2025-03-03 21:21:59,3.72124981,21.625,3.21372079
2025-03-03 21:22:04,3.65725827,21.61636352,3.21369862
2025-03-03 21:22:10,3.73698949,21.61520385,3.21398997
2025-03-03 21:22:16,3.69534945,21.61004638,3.21381115
2025-03-03 21:22:22,3.71041679,21.60797119,3.21384215
2025-03-03 21:22:27,3.69436812,21.60665893,3.21404862
2025-03-03 21:22:33,3.67295694,21.6052246,3.21392154
2025-03-03 21:22:39,3.67541694,21.60711669,3.21362638
2025-03-03 21:22:44,3.65508079,21.60647583,3.2136805
2025-03-03 21:22:50,3.61872315,21.60827636,3.21384429
2025-03-03 21:22:56,3.60502672,21.61572265,3.21357917
2025-03-03 21:23:02,3.6540997,21.61947631,3.21368193
2025-03-03 21:23:07,3.65698933,21.61764526,3.21399378
2025-03-03 21:23:13,3.63977169,21.62841796,3.21419095
2025-03-03 21:23:19,3.66134428,21.63870239,3.21412801
2025-03-03 21:23:25,3.65252685,21.64105224,3.21425366
2025-03-03 21:23:30,3.60974478,21.64547729,3.21384215
2025-03-03 21:23:36,3.67831993,21.65509033,3.21362876
2025-03-03 21:23:42,3.63814496,21.62976074,3.21419429
2025-03-03 21:23:47,3.62974476,21.63198852,3.21367502
2025-03-03 21:23:53,3.63240623,21.62915039,3.21387195
2025-03-03 21:23:59,3.65666627,21.62924194,3.2141335
2025-03-03 21:24:05,3.60866928,21.61495971,3.21402668
2025-03-03 21:24:10,3.65360236,21.60568237,3.21377992
2025-03-03 21:24:16,3.56932806,21.58660888,3.21400094
2025-03-03 21:24:22,3.67760729,21.58566284,3.21421837
2025-03-03 21:24:27,3.64779567,21.5923767,3.21412992
2025-03-03 21:24:33,3.69532299,21.5982666,3.21418881
2025-03-03 21:24:39,3.71091413,21.59927368,3.21391248
2025-03-03 21:24:45,3.74315857,21.6151123,3.2141869
2025-03-03 21:24:50,3.72663998,21.61187744,3.21401739
2025-03-03 21:24:56,3.6789112,21.60861206,3.21395468
2025-03-03 21:25:02,3.68551087,21.61242675,3.2140007
2025-03-03 21:25:07,3.71452951,21.61520385,3.21420526
2025-03-03 21:25:13,3.77548408,21.60818481,3.21400833
2025-03-03 21:25:19,3.76036286,21.60861206,3.21387362
2025-03-03 21:25:25,3.79450321,21.61001586,3.21411347
2025-03-03 21:25:30,3.77573966,21.60992431,3.2140541
2025-03-03 21:25:36,3.77193546,21.60992431,3.21414494
2025-03-03 21:25:42,3.78544402,21.60971069,3.21425127
2025-03-03 21:25:47,3.7892208,21.61505126,3.21414089
2025-03-03 21:25:53,3.78759431,21.61618041,3.21401166
2025-03-03 21:25:59,3.79540324,21.61227416,3.21385717
2025-03-03 21:26:05,3.82509422,21.60446166,3.21370983
2025-03-03 21:26:10,3.80541687,21.5979309,3.21416282
2025-03-03 21:26:16,3.86982555,21.58679199,3.214082
2025-03-03 21:26:22,3.90444869,21.59457397,3.21389007
2025-03-03 21:26:27,3.87189531,21.59661865,3.2137463
2025-03-03 21:26:33,3.87196254,21.57913208,3.2140541
2025-03-03 21:26:39,3.87811851,21.5743103,3.2141354
2025-03-03 21:26:45,3.86662626,21.57546997,3.21387743
2025-03-03 21:26:50,3.87681465,21.58926391,3.21379804
2025-03-03 21:26:56,3.90264797,21.59020996,3.21385717
2025-03-03 21:27:02,3.90918045,21.60369873,3.21412444
2025-03-03 21:27:07,3.89995956,21.61001586,3.2143898
2025-03-03 21:27:13,3.93696231,21.61035156,3.21424412
2025-03-03 21:27:19,3.8898797,21.61212158,3.21431779
2025-03-03 21:27:25,3.89517478,21.62530517,3.21382594
2025-03-03 21:27:30,3.86905937,21.61996459,3.21394181
2025-03-03 21:27:36,3.89219074,21.61984252,3.21415162
2025-03-03 21:27:42,3.89159984,21.61785888,3.21415758
2025-03-03 21:27:48,3.89606208,21.61804199,3.21440672
2025-03-03 21:27:53,3.8973524,21.6080017,3.21428823
2025-03-03 21:27:59,3.88204307,21.59506225,3.21463656
2025-03-03 21:28:05,3.90780944,21.59606933,3.21452784
2025-03-03 21:28:10,3.8635888,21.59075927,3.21390128
2025-03-03 21:28:16,3.91129064,21.57647705,3.21440982
2025-03-03 21:28:22,3.9229166,21.58654785,3.21415233
2025-03-03 21:28:28,3.90638446,21.59390258,3.21422553
2025-03-03 21:28:33,3.88603496,21.60150146,3.21444106
2025-03-03 21:28:39,3.86548376,21.60867309,3.21400833
2025-03-03 21:28:45,3.83994655,21.59375,3.21388316
2025-03-03 21:28:50,3.87325286,21.57897949,3.21447086
2025-03-03 21:28:56,3.83942203,21.59350585,3.21401214
2025-03-03 21:29:02,3.80587368,21.60519409,3.21365046
2025-03-03 21:29:08,3.80088691,21.60485839,3.21440982
2025-03-03 21:29:13,3.83147811,21.60946655,3.21422195
2025-03-03 21:29:19,3.82993297,21.61264038,3.21437692
2025-03-03 21:29:25,3.81803798,21.61294555,3.21431779
2025-03-03 21:29:30,3.86020164,21.60812377,3.21399188
2025-03-03 21:29:36,3.8511424,21.59887695,3.21447443
2025-03-03 21:29:42,3.86198902,21.58544921,3.21398448
2025-03-03 21:29:48,3.87649202,21.57769775,3.21404147
2025-03-03 21:29:53,3.88654537,21.57968139,3.21432709
2025-03-03 21:29:59,3.89088726,21.58874511,3.21451735
2025-03-03 21:30:05,3.91216421,21.59545898,3.21425175
2025-03-03 21:30:10,3.88315849,21.58691406,3.21442103
2025-03-03 21:30:16,3.88818569,21.59597778,3.21450948
2025-03-03 21:30:22,3.9008603,21.60531616,3.21434164
2025-03-03 21:30:28,3.87280921,21.60842895,3.21406173
2025-03-03 21:30:33,3.84657306,21.61001586,3.21452808
2025-03-03 21:30:39,3.85477142,21.61740112,3.21448731
2025-03-03 21:30:45,3.85083341,21.63372802,3.21410775
2025-03-03 21:30:50,3.82646512,21.63690185,3.21416115
2025-03-03 21:30:56,3.78782296,21.62802124,3.21425127
2025-03-03 21:31:02,3.78532266,21.62561035,3.21440792
2025-03-03 21:31:08,3.74495983,21.6295166,3.21432542
2025-03-03 21:31:13,3.72684144,21.62576293,3.2141447
2025-03-03 21:31:19,3.74951624,21.60922241,3.21461462
2025-03-03 21:31:25,3.70607519,21.60736083,3.21455764
2025-03-03 21:31:30,3.71049714,21.60299682,3.2144339
2025-03-03 21:31:36,3.72649216,21.60192871,3.21424984
2025-03-03 21:31:42,3.65256738,21.59655761,3.21424436
2025-03-03 21:31:48,3.67743301,21.58236694,3.21434354
2025-03-03 21:31:53,3.6884005,21.5737915,3.21424055
2025-03-03 21:31:59,3.63282251,21.5677185,3.21424984
2025-03-03 21:32:05,3.64016151,21.56735229,3.21468281
2025-03-03 21:32:10,3.61059165,21.57479858,3.21450233
2025-03-03 21:32:16,3.60615587,21.57116699,3.21414303
2025-03-03 21:32:22,3.66311812,21.57409667,3.21457028
2025-03-03 21:32:28,3.67561793,21.57440185,3.2142682
2025-03-03 21:32:33,3.62134432,21.57266235,3.21447086
2025-03-03 21:32:39,3.60767507,21.5687561,3.21458315
2025-03-03 21:32:45,3.66361546,21.57015991,3.2146089
2025-03-03 21:32:51,3.67649197,21.57589721,3.21414089
2025-03-03 21:32:56,3.66681432,21.57254028,3.21459627
2025-03-03 21:33:02,3.72424769,21.57696533,3.2140634
2025-03-03 21:33:08,3.69629049,21.57788085,3.21460533
2025-03-03 21:33:13,3.73353505,21.57531738,3.21454644
2025-03-03 21:33:19,3.73997306,21.58450317,3.2144339
2025-03-03 21:33:25,3.7583065,21.59210205,3.21419262
2025-03-03 21:33:31,3.7193284,21.59832763,3.2144525
2025-03-03 21:33:36,3.70580673,21.60061645,3.21410942
2025-03-03 21:33:42,3.665591,21.59320068,3.2140212
2025-03-03 21:33:48,3.70005416,21.59072875,3.21410775
2025-03-03 21:33:53,3.68491959,21.60110473,3.21458697
2025-03-03 21:33:59,3.68420696,21.60595703,3.21428465
2025-03-03 21:34:05,3.70325303,21.60906982,3.21429944
2025-03-03 21:34:11,3.65694904,21.61425781,3.21423125
2025-03-03 21:34:16,3.69263434,21.61477661,3.21414303
2025-03-03 21:34:22,3.67755365,21.61822509,3.21412062
2025-03-03 21:34:28,3.63713717,21.61721801,3.21442461
2025-03-03 21:34:33,3.56323933,21.60946655,3.21441888
2025-03-03 21:34:39,3.61737918,21.60690307,3.21408748
2025-03-03 21:34:45,3.57446217,21.60446166,3.21439719
2025-03-03 21:34:51,3.56477117,21.5984497,3.21423506
2025-03-03 21:34:56,3.5747714,21.60134887,3.21409845
2025-03-03 21:35:02,3.64307808,21.59628295,3.21582889
2025-03-03 21:35:08,3.65413951,21.5984497,3.21322679
2025-03-03 21:35:13,3.50223112,21.58151245,3.21358251
2025-03-03 21:35:19,3.5532124,21.61315917,3.21435284
2025-03-03 21:35:25,3.56830644,21.65182495,3.21509909
2025-03-03 21:35:31,3.50198888,21.60980224,3.21470665
2025-03-03 21:35:36,3.5559411,21.60580444,3.21533298
2025-03-03 21:35:42,3.53887081,21.60711669,3.21500158
2025-03-03 21:35:48,3.61471772,21.58203125,3.21495747
2025-03-03 21:35:53,3.6450808,21.56091308,3.21511387
2025-03-03 21:35:59,3.70229864,21.55169677,3.21518778
2025-03-03 21:36:05,3.68205642,21.54141235,3.21519303
2025-03-03 21:36:11,3.74189543,21.53744506,3.2151432
2025-03-03 21:36:16,3.72284936,21.544281,3.21513628
2025-03-03 21:36:22,3.73701596,21.55941772,3.21463489
2025-03-03 21:36:28,3.75580644,21.56213378,3.21515631
2025-03-03 21:36:33,3.7011559,21.56411743,3.21489834
2025-03-03 21:36:39,3.72614264,21.57565307,3.21487975
2025-03-03 21:36:45,3.67751336,21.59704589,3.21492433
2025-03-03 21:36:51,3.73587393,21.60040283,3.21508669
2025-03-03 21:36:56,3.67673373,21.56912231,3.21473073
2025-03-03 21:37:02,3.70618295,21.56231689,3.21487092
2025-03-03 21:37:08,3.71482515,21.58081054,3.2150495
2025-03-03 21:37:13,3.73880386,21.59249877,3.21461462
2025-03-03 21:37:19,3.74012112,21.60827636,3.21505331
2025-03-03 21:37:25,3.78677439,21.60763549,3.21458315
2025-03-03 21:37:31,3.77486562,21.60266113,3.21507358
2025-03-03 21:37:36,3.79514813,21.60412597,3.21501827
2025-03-03 21:37:42,3.75576615,21.60787963,3.21518421
2025-03-03 21:37:48,3.74405908,21.60711669,3.21473789
2025-03-03 21:37:54,3.74654603,21.61022949,3.21506428
2025-03-03 21:37:59,3.73504042,21.61325073,3.2151432
2025-03-03 21:38:05,3.6920433,21.61849975,3.21441364
2025-03-03 21:38:11,3.69254064,21.61395263,3.21455383
2025-03-03 21:38:16,3.64541721,21.60958862,3.21426057
2025-03-03 21:38:22,3.62763452,21.60671997,3.21501469
2025-03-03 21:38:28,3.59197592,21.60455322,3.21518778
2025-03-03 21:38:34,3.64161276,21.60717773,3.21499419
2025-03-03 21:38:39,3.5768547,21.61004638,3.21471595
2025-03-03 21:38:45,3.63294339,21.62399291,3.21501636
2025-03-03 21:38:51,3.58329343,21.62124633,3.21484875
2025-03-03 21:38:56,3.64444899,21.62179565,3.21468091
2025-03-03 21:39:02,3.65086054,21.61172485,3.21474885
2025-03-03 21:39:08,3.61934161,21.61322021,3.21435475
2025-03-03 21:39:14,3.60107541,21.61779785,3.21464943
2025-03-03 21:39:19,3.68744611,21.62655639,3.21464037
2025-03-03 21:39:25,3.65041637,21.62011718,3.21526503
2025-03-03 21:39:31,3.60829305,21.62567138,3.21459245
2025-03-03 21:39:36,3.64063167,21.62268066,3.21414113
2025-03-03 21:39:42,3.59997344,21.64312744,3.21465516
2025-03-03 21:39:48,3.55190849,21.64831542,3.21465134
2025-03-03 21:39:54,3.59158635,21.65008544,3.21448922
2025-03-03 21:39:59,3.5608201,21.65744018,3.21432542
2025-03-03 21:40:05,3.59143829,21.67620849,3.21420574
2025-03-03 21:40:11,3.56250023,21.67861938,3.21444129
2025-03-03 21:40:16,3.55534934,21.68191528,3.21406912
2025-03-03 21:40:22,3.50143837,21.69113159,3.21506428
2025-03-03 21:40:28,3.55033612,21.678833,3.21309041
2025-03-03 21:40:34,3.4980514,21.68743896,3.21369862
2025-03-03 21:40:39,3.57557797,21.69348144,3.21500134
2025-03-03 21:40:45,3.56588697,21.68383789,3.21490764
2025-03-03 21:40:51,3.55618262,21.68392944,3.21483016
2025-03-03 21:40:56,3.60513472,21.70401,3.21456646
2025-03-03 21:41:02,3.59522843,21.70089721,3.21393084
2025-03-03 21:41:08,3.61491966,21.70980834,3.21401
2025-03-03 21:41:14,3.65385746,21.68893432,3.21419453
2025-03-03 21:41:19,3.60338687,21.66134643,3.21342754
2025-03-03 21:41:25,3.56455659,21.66690063,3.21480441
2025-03-03 21:41:31,3.63340091,21.67623901,3.21465873
2025-03-03 21:41:36,3.63340091,21.66036987,3.21487283
2025-03-03 21:41:42,3.63037657,21.63568115,3.21507358
2025-03-03 21:41:48,3.65127706,21.62353515,3.21447801
2025-03-03 21:41:54,3.65366935,21.67227172,3.21529436
2025-03-03 21:41:59,3.63473153,21.68548583,3.21453905
2025-03-03 21:42:05,3.64280939,21.6847229,3.21311807
2025-03-03 21:42:11,3.66022872,21.65634155,3.21387934
2025-03-03 21:42:16,3.70884394,21.67654418,3.21330618
2025-03-03 21:42:22,3.67604875,21.69223022,3.21437335
2025-03-03 21:42:28,3.75018835,21.67880249,3.21506428
2025-03-04 12:52:41,2.98008823,5.96911048,0.87791404
2025-03-04 12:52:50,5.15706253,10.32839012,1.51886868
2025-03-04 12:53:00,6.70980453,13.50091743,1.98669204
2025-03-04 12:53:09,7.87454414,15.80448627,2.32821512
2025-03-04 12:53:18,8.68546581,17.48600959,2.57759261
2025-03-04 12:53:28,9.29096794,18.73172378,2.75980544
2025-03-04 12:53:37,9.72262001,19.62609863,2.89269733
2025-03-04 12:53:47,10.06366539,20.276865,2.98972225
2025-03-04 12:53:56,10.28268241,20.76304817,3.06051874
2025-03-04 12:54:06,10.47184371,21.10736465,3.11216425
2025-03-04 12:54:15,10.56776237,21.36927223,3.14994311
2025-03-04 12:54:25,10.66887664,21.56739425,3.17746782
2025-03-04 12:54:34,10.69674587,21.71069717,3.1976068
2025-03-04 12:54:43,10.74921512,21.81134414,3.21222877
2025-03-04 12:54:53,10.7673397,21.89004135,3.22304391
2025-03-04 12:55:02,10.77926445,21.93854904,3.23079967
2025-03-04 12:55:12,10.79753589,21.9689579,3.23650932
2025-03-04 12:55:21,10.83349037,21.9866333,3.24073696
2025-03-04 12:55:31,10.85734176,21.99946212,3.24380922
2025-03-04 12:55:40,10.84495162,22.02721977,3.2460916
2025-03-04 12:55:50,10.83923053,22.04858589,3.24767255
2025-03-04 12:55:59,10.88153553,22.06415176,3.24883031
2025-03-04 12:56:08,10.90926742,22.07463836,3.24969959
2025-03-04 12:56:18,10.94588661,22.08045768,3.25032615
2025-03-04 12:56:27,10.94991493,22.08252143,3.25077152
2025-03-04 12:56:37,10.9976387,22.07167816,3.25109267
2025-03-04 12:56:46,11.04520702,22.06690216,3.25134706
2025-03-04 12:56:56,11.05827426,22.05976486,3.25153875
2025-03-04 12:57:05,11.04248237,22.05908584,3.25161695
2025-03-04 12:57:15,11.0777111,22.05291175,3.25165414
2025-03-04 12:57:24,11.09820175,22.04746627,3.25168323
2025-03-04 12:57:34,11.14136505,22.0434246,3.25172615
2025-03-04 12:57:43,11.13526344,22.04043388,3.25171804
2025-03-04 12:57:52,11.15339469,22.03824234,3.25185132
2025-03-04 12:58:02,11.14645385,22.03674125,3.25188899
2025-03-04 12:58:11,11.16426467,22.04260635,3.25221872
2025-03-04 12:58:21,11.18292808,22.72271347,3.25173902
2025-03-04 12:58:30,11.17244148,23.36326408,3.25153207
2025-03-04 12:58:40,11.17281341,23.8709526,3.25135326
2025-03-04 12:58:49,11.17275047,23.87337303,3.25140571
2025-03-04 12:58:59,11.14142227,23.67910766,3.25143432
2025-03-04 12:59:08,11.15360927,23.42503547,3.25143313
2025-03-04 12:59:17,11.14542007,23.14455795,3.25158977
2025-03-04 12:59:27,11.10280418,22.90576171,3.25194668
2025-03-04 12:59:36,11.09499263,22.70934295,3.25165009
2025-03-04 12:59:46,11.07460021,22.55766105,3.25168824
2025-03-04 12:59:55,11.05579376,22.43493461,3.2516725
2025-03-04 13:00:05,11.05418586,22.3458786,3.25173854
2025-03-04 13:00:14,11.06337738,22.28580474,3.25179266
2025-03-04 13:00:24,11.06455612,22.2363739,3.25178027
2025-03-04 13:00:33,11.07565021,22.18408012,3.25166559
2025-03-04 13:00:58,11.1112852,22.10311889,3.25110101
2025-03-04 13:01:07,11.15185928,22.10326766,3.25121378
2025-03-04 13:01:17,11.15680122,22.10323524,3.25132799
2025-03-04 13:01:26,11.17511367,22.09883689,3.25145506
2025-03-04 13:01:35,11.19807624,22.08383369,3.25162553
2025-03-04 13:01:45,11.17671966,22.07555961,3.25167822
2025-03-04 13:01:54,11.15204238,22.06395721,3.25166893
2025-03-04 13:02:04,11.19030761,22.06696701,3.25167036
2025-03-04 13:02:13,11.17964172,22.08967208,3.25163936
2025-03-04 13:02:23,11.12959957,22.11400985,3.25168228
2025-03-04 13:02:32,11.13581943,22.14796066,3.25159621
2025-03-04 13:02:42,11.09948253,22.17376518,3.25166487
2025-03-04 13:02:51,11.0752058,22.19285774,3.25167894
2025-03-04 13:03:00,11.03838157,22.20384597,3.25156402
2025-03-04 13:03:10,11.02470874,22.21098518,3.25163125
2025-03-04 13:03:19,10.97107696,22.20590591,3.25161266
2025-03-04 13:03:29,10.9162054,22.21286773,3.251657
2025-03-04 13:03:38,10.86376762,22.22142601,3.2515819
2025-03-04 13:03:48,10.86347675,22.21296691,3.25162458
2025-03-04 13:03:57,10.80019187,22.20248031,3.25150251
2025-03-04 13:04:07,10.77830886,22.1947689,3.25176143
2025-03-04 13:04:16,10.72045421,22.18917083,3.25146102
2025-03-04 13:04:25,10.68515872,22.19725608,3.25122785
2025-03-04 13:04:35,10.71345138,22.20254898,3.25126051
2025-03-04 13:04:44,10.74040508,22.19483566,3.2514317
2025-03-04 13:04:54,10.7236309,22.19643974,3.25145506
2025-03-04 13:05:03,10.68464756,22.2014656,3.25133895
2025-03-04 13:05:13,10.70760536,22.21287918,3.25135159
2025-03-04 13:05:22,10.69533252,22.22144317,3.25140666
2025-03-04 13:05:32,10.6612749,22.20860481,3.25153851
2025-03-04 13:05:41,10.6784954,22.18274307,3.25161671
2025-03-04 13:05:51,10.75268745,22.17933082,3.25160431
2025-03-04 13:06:00,10.75791358,22.17193794,3.25173854
2025-03-04 13:06:09,10.78033828,22.17238998,3.25164151
2025-03-04 13:06:19,10.74863052,22.18226242,3.25158047
2025-03-04 13:06:28,10.79191017,22.19847488,3.25163745
2025-03-04 13:06:38,10.73783016,22.20626449,3.25160932
2025-03-04 13:06:47,10.76657772,22.19799232,3.25166249
2025-03-04 13:06:57,10.70679473,22.19171524,3.2516694
2025-03-04 13:07:06,10.69976329,22.18690299,3.25165867
2025-03-04 13:07:16,10.69592285,22.18340682,3.25170636
2025-03-04 13:07:25,10.69333648,22.1809616,3.25160789
2025-03-04 13:07:34,10.68450927,22.19752502,3.25162577
2025-03-04 13:07:44,10.71162796,22.21025085,3.25172805
2025-03-04 13:07:53,10.69252014,22.21685409,3.25165772
2025-03-04 13:08:03,10.6920576,22.20754432,3.25163412
2025-03-04 13:08:12,10.70291137,22.20748901,3.25176215
2025-03-04 13:08:22,10.71082115,22.21450996,3.25180578
2025-03-04 13:08:31,10.72315597,22.22199058,3.25190162
2025-03-04 13:08:41,10.74328041,22.20902824,3.25201511
2025-03-04 13:08:50,10.72825622,22.19950866,3.25233268
2025-03-04 13:08:59,10.734272,22.19267463,3.25250101
2025-03-04 13:09:09,10.73983955,22.21760368,3.25179195
2025-03-04 13:09:18,10.76657867,22.2309494,3.25184154
2025-03-04 13:09:28,10.76574611,22.25371932,3.25176239
2025-03-04 13:09:37,10.78750801,22.26991271,3.25180625
2025-03-04 13:09:47,10.82866668,22.28207778,3.25177049
2025-03-04 13:09:56,10.85499572,22.30944061,3.25170636
2025-03-04 13:10:06,10.82053565,22.32961463,3.25150036
2025-03-04 13:10:15,10.80163574,22.36264991,3.25135397
2025-03-04 13:10:25,10.77500724,22.40733337,3.24628114
2025-03-04 13:10:34,10.76764583,22.3825035,3.24761962
2025-03-04 13:10:43,10.77128601,22.36407089,3.24857878
2025-03-04 13:10:53,10.73737716,22.35097885,3.24921727
2025-03-04 13:11:02,10.81383037,22.38039588,3.24448871
2025-03-04 13:11:12,10.80921077,22.40149307,3.24108266
2025-03-04 13:11:21,10.77692222,22.42890548,3.23856019
2025-03-04 13:11:31,10.76047897,22.45475959,3.23671102
2025-03-04 13:11:40,10.75467395,22.47430038,3.23540306
2025-03-04 13:11:50,10.8098793,22.5008583,3.23442816
2025-03-04 13:11:59,10.76777172,22.48930549,3.23790812
2025-03-04 13:12:08,10.77976894,22.47982597,3.24059176
2025-03-04 13:12:18,10.78174781,22.48640823,3.24241352
2025-03-04 13:12:27,10.78696632,22.47958946,3.2437992
2025-03-04 13:12:37,10.76939392,22.47351455,3.24477291
2025-03-04 13:12:46,10.79250717,22.49295997,3.2455492
2025-03-04 13:12:56,10.77458572,22.50457572,3.24630713
2025-03-04 13:13:05,10.78017044,22.56064796,3.24672722
2025-03-04 13:13:15,10.77315711,22.55220794,3.24685859
2025-03-04 13:13:24,10.83016586,22.51555061,3.24698638
2025-03-04 13:13:34,10.79955005,22.47112464,3.24713134
2025-03-04 13:13:43,10.83379936,22.4289627,3.24723911
2025-03-04 13:13:52,10.86843967,22.38571929,3.2473216
2025-03-04 13:14:02,10.90104389,22.34766578,3.24740195
2025-03-04 13:14:11,10.93542671,22.31963157,3.24737715
2025-03-04 13:14:21,10.96263122,22.29984283,3.24744248
2025-03-04 13:14:30,10.97096443,22.29170799,3.24745035
2025-03-04 13:14:40,10.99570083,22.29517173,3.24747228
2025-03-04 13:14:49,11.02214908,22.30067443,3.2474122
2025-03-04 13:14:59,11.00240707,22.30268096,3.24742627
2025-03-04 13:15:08,11.04638004,22.2875843,3.24742054
2025-03-04 13:17:02,11.22810459,22.38446426,3.23929882
2025-03-04 13:17:12,11.18815994,22.36650848,3.23936772
2025-03-04 13:17:21,11.18662452,22.34737777,3.23939418
2025-03-04 13:17:31,11.19551944,22.32055664,3.23952293
2025-03-04 13:17:40,11.2531538,22.30010604,3.23958301
2025-03-04 13:17:50,11.26430702,22.2850933,3.23965883
2025-03-04 13:17:59,11.27945995,22.28656005,3.23962259
2025-03-04 13:18:09,11.27647018,22.2755928,3.23968601
2025-03-04 13:18:18,11.24537181,22.25841522,3.23986363
2025-03-04 13:18:28,11.26967334,22.24620628,3.23954153
2025-03-04 13:18:37,11.28233337,22.24572372,3.23969626
2025-03-04 13:18:46,11.2982521,22.24696731,3.23978519
2025-03-04 13:18:56,11.31536006,22.24633407,3.23978257
2025-03-04 13:19:05,11.35664844,22.24576568,3.23992776
2025-03-04 13:19:15,11.32593727,22.25613594,3.24009752
2025-03-04 13:19:24,11.38463401,22.25686836,3.23981356
2025-03-04 13:19:34,11.36895465,22.2508049,3.23977541
2025-03-04 13:19:43,11.36944007,22.24115371,3.23982524
2025-03-04 13:19:53,11.38725757,22.24207496,3.23998689
2025-03-04 13:20:02,11.36343765,22.24840164,3.23997759
2025-03-04 13:20:11,11.34201335,22.24730873,3.23998475
2025-03-04 13:20:21,11.35435962,22.24578475,3.24006748
